query_id,label,homology,distance,rank
72272,1.2.1.3,0.6,2.930217e-05,1
90551,1.11.2.2,0.2,2.3445318e-05,1
